,taxagroup,siteid,sitename,decimallatitude,decimallongitude,age,value
720,water,E-N20LS,Abra Interior. Low Tide. Surface,43.3382,-3.027,28,7550
716,water,E-N17LS,Leioa (Lamiako). Low Tide. Surface,43.3156,-2.9977,21,6768
814,water,L-UR20S,Litoral de Mompás. Surface,43.3389,-1.9548,28,5588
684,water,E-D10LS,Deba (Puente). Low Tide. Surface,43.2925,-2.3572,29,5475
740,water,E-OI15LS,Pasaia de San Pedro (Dársena de Herrera). Low Tide. Surface,43.3224,-1.9311,21,4929
760,water,E-U10LS,Zumaia (Puente Narrondo). Low Tide. Surface,43.2963,-2.2563,29,4133
786,water,L-D10S,Litoral de Deba. Surface,43.3266,-2.3525,28,4132
700,water,E-M10LS,Pobeña (puente). Low Tide. Surface,43.3469,-3.1216,29,4126
728,water,E-O10LS,Orio (Puente de La Autopista). Low Tide. Surface,43.2826,-2.1316,29,4111
748,water,E-OK10LS,Murueta (Astillero). Low Tide. Surface,43.3647,-2.6841,29,4109
672,water,E-BI10LS,Irun (Amute). Low Tide. Surface,43.3522,-1.7913,29,4109
794,water,L-N20S,Litoral de Sopelana. Surface,43.3992,-3.0206,28,4107
692,water,E-L10LS,Lekeitio (Molino). Low Tide. Surface,43.3602,-2.4989,29,4102
660,water,E-B10LS,Plentzia (Puerto). Low Tide. Surface,43.4076,-2.9463,28,4100
772,water,E-UR10LS,Donostia (Puente de Santa Catalina). Low Tide. Surface,43.3171,-1.9782,29,4087
652,water,E-A10LS,Ondarroa (Embarcadero). Low Tide. Surface,43.3199,-2.421,28,4080
784,water,L-BI10S,Litoral de Hondarribia. Surface,43.3967,-1.8021,28,4058
752,water,E-OK20LS,Sukarrieta (Txatxarramendi). Low Tide. Surface,43.3936,-2.6943,26,3767
744,water,E-OI20LS,Pasaia (San Pedro). Low Tide. Surface,43.3263,-1.9212,29,3312
724,water,E-N30LS,Abra Exterior. Low Tide. Surface,43.3604,-3.0453,28,3201
708,water,E-N10LS,Bilbao (Puente de Deusto). Low Tide. Surface,43.2697,-2.939,29,3189
736,water,E-OI10LS,Lezo. Low Tide. Surface,43.3228,-1.9038,29,2972
792,water,L-N10S,Litoral del Abra (Frente al Superpuerto). Surface,43.3826,-3.082,28,2926
796,water,L-O10S,Litoral de Orio. Surface,43.3054,-2.1356,28,2890
788,water,L-L10S,Litoral de Elantxobe (Kai Arri). Surface,43.4026,-2.5851,28,2884
800,water,L-OI10S,Litoral de Pasaia. Surface,43.3376,-1.9324,28,2854
812,water,L-U10S,Litoral de Zumaia. Surface,43.3172,-2.2426,28,2847
676,water,E-BI20LS,Hondarribia (Txingudi). Low Tide. Surface,43.3697,-1.7901,29,2841
804,water,L-OK10S,Litoral de Mundaka. Surface,43.4409,-2.7016,28,2816
780,water,L-B10S,Litoral de Gorliz (Cabo Villano). Surface,43.4371,-2.9553,28,2811
782,water,L-B20S,Litoral de Bakio. Surface,43.4474,-2.8033,28,2809
778,water,L-A10S,Litoral de Ondarroa. Surface,43.3359,-2.4025,26,2574
712,water,E-N15LS,Barakaldo (Puente de Rontegi). Low Tide. Surface,43.2951,-2.974,21,2522
588,phytoplankton,L-OI10,Litoral de Pasaia,43.3376,-1.9324,21,2409
585,phytoplankton,L-N20,Litoral de Sopelana,43.3992,-3.0206,21,2396
718,water,E-N20HS,Abra Interior. High Tide. Surface,43.3382,-3.027,28,2359
722,water,E-N30HS,Abra Exterior. High Tide. Surface,43.3604,-3.0453,28,2357
734,water,E-OI10HS,Lezo. High Tide. Surface,43.3228,-1.9038,29,2334
742,water,E-OI20HS,Pasaia (San Pedro). High Tide. Surface,43.3263,-1.9212,29,2330
706,water,E-N10HS,Bilbao (Puente de Deusto). High Tide. Surface,43.2697,-2.939,29,2330
596,phytoplankton,L-UR20,Litoral de Mompás,43.3389,-1.9548,21,2326
790,water,L-L20S,Litoral de Lekeitio. Surface,43.3729,-2.4896,21,2249
682,water,E-D10HS,Deba (Puente). High Tide. Surface,43.2925,-2.3572,29,2247
758,water,E-U10HS,Zumaia (Puente Narrondo). High Tide. Surface,43.2963,-2.2563,29,2247
746,water,E-OK10HS,Murueta (Astillero). High Tide. Surface,43.3647,-2.6841,29,2245
726,water,E-O10HS,Orio (Puente de La Autopista). High Tide. Surface,43.2826,-2.1316,29,2244
698,water,E-M10HS,Pobeña (puente). High Tide. Surface,43.3469,-3.1216,29,2242
670,water,E-BI10HS,Irun (Amute). High Tide. Surface,43.3522,-1.7913,29,2242
770,water,E-UR10HS,Donostia (Puente de Santa Catalina). High Tide. Surface,43.3171,-1.9782,29,2229
798,water,L-O20S,Litoral de Getaria. Surface,43.3156,-2.1801,21,2224
802,water,L-OI20S,Litoral de Pasaia (Asabaratza). Surface,43.3601,-1.8918,21,2222
591,phytoplankton,L-RF10,Litoral Oiartzun - Plataforma,43.4534,-1.918,21,2216
658,water,E-B10HS,Plentzia (Puerto). High Tide. Surface,43.4076,-2.9463,28,2210
674,water,E-BI20HS,Hondarribia (Txingudi). High Tide. Surface,43.3697,-1.7901,29,2208
690,water,E-L10HS,Lekeitio (Molino). High Tide. Surface,43.3602,-2.4989,29,2206
806,water,L-RF10S,Litoral Oiartzun - Plataforma. Surface,43.4534,-1.918,21,2197
650,water,E-A10HS,Ondarroa (Embarcadero). High Tide. Surface,43.3199,-2.421,28,2194
756,water,E-OK5LS,Forua (Salida de la Depuradora). Low Tide. Surface,43.3405,-2.6662,21,2161
696,water,E-L5LS,Lekeitio (Astillero). Low Tide. Surface,43.3569,-2.5047,21,2155
768,water,E-U8LS,Zumaia (Puente del Ferrocarril). Low Tide. Surface,43.292,-2.245,21,2154
590,phytoplankton,L-OK10,Litoral de Mundaka,43.4409,-2.7016,21,2151
668,water,E-B7LS,Plentzia (Campo de fútbol). Low Tide. Surface,43.3979,-2.9442,21,2151
704,water,E-M5LS,Muskiz (Petronor). Low Tide. Surface,43.3322,-3.1125,21,2130
680,water,E-BI5LS,Irun (Behobia). Low Tide. Surface,43.344,-1.7621,21,2129
732,water,E-O5LS,Orio (Rampa). Low Tide. Surface,43.2759,-2.1202,21,2128
656,water,E-A5LS,Ondarroa (Errenteria). Low Tide. Surface,43.3221,-2.4433,21,2127
776,water,E-UR5LS,Donostia (Loiola). Low Tide. Surface,43.3142,-1.9691,21,2127
764,water,E-U5LS,Zumaia (Bedua). Low Tide. Surface,43.2791,-2.252,21,2126
688,water,E-D5LS,Deba (Campo de fútbol). Low Tide. Surface,43.2934,-2.3639,21,2126
664,water,E-B5LS,Plentzia (Abaniko). Low Tide. Surface,43.3963,-2.9241,21,2107
750,water,E-OK20HS,Sukarrieta (Txatxarramendi). High Tide. Surface,43.3936,-2.6943,26,1911
577,phytoplankton,L-B10,Litoral de Gorliz (Cabo Villano),43.4371,-2.9553,17,1905
580,phytoplankton,L-BI10,Litoral de Hondarribia,43.3967,-1.8021,17,1821
584,phytoplankton,L-N10,Litoral del Abra (Frente al Superpuerto),43.3826,-3.082,17,1800
808,water,L-RF20S,Litoral Deba - Plataforma. Surface,43.4,-2.2999,17,1781
810,water,L-RF30S,Litoral Butroe - Plataforma. Surface,43.5,-2.7999,17,1781
589,phytoplankton,L-OI20,Litoral de Pasaia (Asabaratza),43.3601,-1.8918,17,1731
586,phytoplankton,L-O10,Litoral de Orio,43.3054,-2.1356,17,1683
567,phytoplankton,E-OI20,Pasaia (San Pedro),43.3263,-1.9212,21,1661
576,phytoplankton,L-A10,Litoral de Ondarroa,43.3359,-2.4025,17,1626
579,phytoplankton,L-B20,Litoral de Bakio,43.4474,-2.8033,17,1612
710,water,E-N15HS,Barakaldo (Puente de Rontegi). High Tide. Surface,43.2951,-2.974,21,1611
581,phytoplankton,L-D10,Litoral de Deba,43.3266,-2.3525,17,1607
594,phytoplankton,L-U10,Litoral de Zumaia,43.3172,-2.2426,17,1605
714,water,E-N17HS,Leioa (Lamiako). High Tide. Surface,43.3156,-2.9977,21,1588
738,water,E-OI15HS,Pasaia de San Pedro (Dársena de Herrera). High Tide. Surface,43.3224,-1.9311,21,1587
562,phytoplankton,E-N30,Abra Exterior,43.3604,-3.0453,17,1572
583,phytoplankton,L-L20,Litoral de Lekeitio,43.3729,-2.4896,17,1568
582,phytoplankton,L-L10,Litoral de Elantxobe (Kai Arri),43.4026,-2.5851,17,1548
70,invertebrates,E-N20,Abra Interior,43.3382378,-3.0269801,28,1537
569,phytoplankton,E-OK20,Sukarrieta (Txatxarramendi),43.3936,-2.6943,21,1534
587,phytoplankton,L-O20,Litoral de Getaria,43.3156,-2.1801,16,1526
766,water,E-U8HS,Zumaia (Puente del Ferrocarril). High Tide. Surface,43.292,-2.245,21,1522
666,water,E-B7HS,Plentzia (Campo de fútbol). High Tide. Surface,43.3979,-2.9442,21,1521
614,sediments,E-N20,,,,0,1501
702,water,E-M5HS,Muskiz (Petronor). High Tide. Surface,43.3322,-3.1125,21,1497
730,water,E-O5HS,Orio (Rampa). High Tide. Surface,43.2759,-2.1202,21,1497
678,water,E-BI5HS,Irun (Behobia). High Tide. Surface,43.344,-1.7621,21,1497
686,water,E-D5HS,Deba (Campo de fútbol). High Tide. Surface,43.2934,-2.3639,21,1497
654,water,E-A5HS,Ondarroa (Errenteria). High Tide. Surface,43.3221,-2.4433,21,1496
754,water,E-OK5HS,Forua (Salida de la Depuradora). High Tide. Surface,43.3405,-2.6662,21,1495
611,sediments,E-N10,,,,0,1494
762,water,E-U5HS,Zumaia (Bedua). High Tide. Surface,43.2791,-2.252,21,1494
774,water,E-UR5HS,Donostia (Loiola). High Tide. Surface,43.3142,-1.9691,21,1493
694,water,E-L5HS,Lekeitio (Astillero). High Tide. Surface,43.3569,-2.5047,21,1493
662,water,E-B5HS,Plentzia (Abaniko). High Tide. Surface,43.3963,-2.9241,21,1490
813,water,L-UR20B,Litoral de Mompás. Bottom,43.3389,-1.9548,28,1478
620,sediments,E-OI20,,,,0,1476
615,sediments,E-N30,,,,0,1472
719,water,E-N20LB,Abra Interior. Low Tide. Bottom,43.3382,-3.027,28,1448
592,phytoplankton,L-RF20,Litoral Deba - Plataforma,43.4,-2.2999,13,1443
76,invertebrates,E-OI20,Pasaia (San Pedro),43.3263187,-1.9211971,28,1436
618,sediments,E-OI10,,,,0,1422
593,phytoplankton,L-RF30,Litoral Butroe - Plataforma,43.5,-2.7999,13,1406
566,phytoplankton,E-OI15,Pasaia de San Pedro (Dársena de Herrera),43.3224,-1.9311,19,1385
100,invertebrates,L-RF20,Litoral Deba - Plataforma,43.400003,-2.299894,17,1351
739,water,E-OI15LB,Pasaia de San Pedro (Dársena de Herrera). Low Tide. Bottom,43.3224,-1.9311,21,1299
605,sediments,E-D10,,,,0,1288
639,sediments,L-O10,,,,0,1287
643,sediments,L-OK10,,,,0,1287
624,sediments,E-U10,,,,0,1287
621,sediments,E-OK10,,,,0,1286
602,sediments,E-BI10,,,,0,1285
632,sediments,L-B20,,,,0,1285
597,sediments,E-A10,,,,0,1285
99,invertebrates,L-RF10,Litoral Oiartzun - Plataforma,43.4534029,-1.9179517,21,1285
637,sediments,L-N10,,,,0,1284
607,sediments,E-L10,,,,0,1283
638,sediments,L-N20,,,,0,1279
715,water,E-N17LB,Leioa (Lamiako). Low Tide. Bottom,43.3156,-2.9977,21,1275
647,sediments,L-U10,,,,0,1269
616,sediments,E-O10,,,,0,1269
603,sediments,E-BI20,,,,0,1263
561,phytoplankton,E-N20,Abra Interior,43.3382,-3.027,17,1261
599,sediments,E-B10,,,,0,1257
648,sediments,L-UR20,,,,0,1253
631,sediments,L-B10,,,,0,1253
634,sediments,L-D10,,,,0,1246
641,sediments,L-OI10,,,,0,1242
627,sediments,E-UR10,,,,0,1241
609,sediments,E-M10,,,,0,1234
633,sediments,L-BI10,,,,0,1213
635,sediments,L-L10,,,,0,1208
89,invertebrates,L-D10,Litoral de Deba,43.326575,-2.352455,28,1177
101,invertebrates,L-RF30,Litoral Butroe - Plataforma,43.5000106,-2.7998994,17,1150
94,invertebrates,L-O10,Litoral de Orio,43.3054038,-2.1356127,28,1131
96,invertebrates,L-OI10,Litoral de Pasaia,43.3375628,-1.9324461,28,1127
619,sediments,E-OI15,,,,0,1055
613,sediments,E-N17,,,,0,1055
612,sediments,E-N15,,,,0,1055
102,invertebrates,L-U10,Litoral de Zumaia,43.317238,-2.2426121,28,1015
550,phytoplankton,E-BI20,Hondarribia (Txingudi),43.3697,-1.7901,21,1014
10,biota,I-OK10,Mundaka (puerto) (Moluscos),43.4081197,-2.6969871,29,1006
11,biota,I-U10,Zumaia (desembocadura) (Moluscos),43.3017362,-2.2500541,29,1005
3,biota,I-D10,Mutriku (playa) (Moluscos),43.3005619,-2.3542476,29,1004
630,sediments,L-A10,,,,0,1004
6,biota,I-N10,Zierbena (Ibaizabal) (Moluscos),43.3535388,-3.0798993,29,1003
2,biota,I-BI10,Hondarribia (desembocadura) (Moluscos),43.3690499,-1.7911753,29,994
8,biota,I-O10,Orio (puente de la autopista) (Moluscos),43.2833516,-2.1308592,29,994
5,biota,I-M10,Pobeña (puente) (Moluscos),43.3473524,-3.1212372,29,994
4,biota,I-L10,Lekeitio (puente) (Moluscos),43.3605368,-2.4988413,29,991
683,water,E-D10LB,Deba (Puente). Low Tide. Bottom,43.2925,-2.3572,29,990
12,biota,I-UR10,Donostia (puente del Kursaal) (Moluscos),43.3244369,-1.9800989,29,983
1,biota,I-B10,Plentzia (desembocadura) (Moluscos),43.4114365,-2.9495939,28,978
546,phytoplankton,E-B10,Plentzia (Puerto),43.4076,-2.9463,17,976
7,biota,I-N20,Getxo (Ibaizabal) (Moluscos),43.3405169,-3.0229962,29,974
9,biota,I-OI10,Pasaia (desembocadura) (Moluscos),43.3327795,-1.9264733,28,974
90,invertebrates,L-L10,Litoral de Elantxobe (Kai Arri),43.4025731,-2.5851273,28,967
565,phytoplankton,E-OI10,Lezo,43.3228,-1.9038,21,966
103,invertebrates,L-UR20,Litoral de Mompás,43.3389036,-1.9547765,28,962
0,biota,I-A10,Ondarroa (Moluscos),43.3250088,-2.4178904,29,952
622,sediments,E-OK20,,,,0,920
549,phytoplankton,E-BI10,Irun (Amute),43.3522,-1.7913,21,910
568,phytoplankton,E-OK10,Murueta (Astillero),43.3647,-2.6841,21,886
560,phytoplankton,E-N17,Leioa (Lamiako),43.3156,-2.9977,16,884
548,phytoplankton,E-B7,Plentzia (Campo de fútbol),43.3979,-2.9442,17,859
95,invertebrates,L-O20,Litoral de Getaria,43.3155734,-2.18011,21,843
628,sediments,E-UR5,,,,0,840
608,sediments,E-L5,,,,0,840
617,sediments,E-O5,,,,0,840
606,sediments,E-D5,,,,0,840
604,sediments,E-BI5,,,,0,840
640,sediments,L-O20,,,,0,840
644,sediments,L-RF10,,,,0,840
610,sediments,E-M5,,,,0,839
623,sediments,E-OK5,,,,0,839
601,sediments,E-B7,,,,0,839
600,sediments,E-B5,,,,0,839
626,sediments,E-U8,,,,0,839
625,sediments,E-U5,,,,0,832
91,invertebrates,L-L20,Litoral de Lekeitio,43.3729133,-2.4896299,20,830
642,sediments,L-OI20,,,,0,825
743,water,E-OI20LB,Pasaia (San Pedro). Low Tide. Bottom,43.3263,-1.9212,29,811
598,sediments,E-A5,,,,0,807
556,phytoplankton,E-M10,Pobeña (puente),43.3469,-3.1216,17,804
85,invertebrates,L-A10,Litoral de Ondarroa,43.3359057,-2.4024526,25,802
636,sediments,L-L20,,,,0,799
98,invertebrates,L-OK10,Litoral de Mundaka,43.440908,-2.7016305,28,792
88,invertebrates,L-BI10,Litoral de Hondarribia,43.3967365,-1.8021212,28,744
92,invertebrates,L-N10,Litoral del Abra (Frente al Superpuerto),43.3825769,-3.0819745,28,743
544,phytoplankton,E-A10,Ondarroa (Embarcadero),43.3199,-2.421,17,728
793,water,L-N20B,Litoral de Sopelana. Bottom,43.3992,-3.0206,28,702
791,water,L-N10B,Litoral del Abra (Frente al Superpuerto). Bottom,43.3826,-3.082,28,702
811,water,L-U10B,Litoral de Zumaia. Bottom,43.3172,-2.2426,28,700
799,water,L-OI10B,Litoral de Pasaia. Bottom,43.3376,-1.9324,28,700
779,water,L-B10B,Litoral de Gorliz (Cabo Villano). Bottom,43.4371,-2.9553,28,700
783,water,L-BI10B,Litoral de Hondarribia. Bottom,43.3967,-1.8021,28,700
785,water,L-D10B,Litoral de Deba. Bottom,43.3266,-2.3525,28,700
795,water,L-O10B,Litoral de Orio. Bottom,43.3054,-2.1356,28,699
781,water,L-B20B,Litoral de Bakio. Bottom,43.4474,-2.8033,28,699
803,water,L-OK10B,Litoral de Mundaka. Bottom,43.4409,-2.7016,28,698
787,water,L-L10B,Litoral de Elantxobe (Kai Arri). Bottom,43.4026,-2.5851,28,698
721,water,E-N30HB,Abra Exterior. High Tide. Bottom,43.3604,-3.0453,28,696
717,water,E-N20HB,Abra Interior. High Tide. Bottom,43.3382,-3.027,28,690
723,water,E-N30LB,Abra Exterior. Low Tide. Bottom,43.3604,-3.0453,28,684
733,water,E-OI10HB,Lezo. High Tide. Bottom,43.3228,-1.9038,29,670
741,water,E-OI20HB,Pasaia (San Pedro). High Tide. Bottom,43.3263,-1.9212,29,669
735,water,E-OI10LB,Lezo. Low Tide. Bottom,43.3228,-1.9038,29,668
705,water,E-N10HB,Bilbao (Puente de Deusto). High Tide. Bottom,43.2697,-2.939,29,661
559,phytoplankton,E-N15,Barakaldo (Puente de Rontegi),43.2951,-2.974,17,659
563,phytoplankton,E-O10,Orio (Puente de La Autopista),43.2826,-2.1316,17,652
69,invertebrates,E-N17,Leioa (Lamiako),43.3155945,-2.9977186,21,638
645,sediments,L-RF20,,,,0,634
87,invertebrates,L-B20,Litoral de Bakio,43.4474131,-2.8032985,28,633
646,sediments,L-RF30,,,,0,633
777,water,L-A10B,Litoral de Ondarroa. Bottom,43.3359,-2.4025,26,628
71,invertebrates,E-N30,Abra Exterior,43.3604102,-3.045304,28,615
707,water,E-N10LB,Bilbao (Puente de Deusto). Low Tide. Bottom,43.2697,-2.939,29,594
574,phytoplankton,E-UR10,Donostia (Puente de Santa Catalina),43.3171,-1.9782,17,588
74,invertebrates,E-OI10,Lezo,43.3227859,-1.9038327,25,582
571,phytoplankton,E-U10,Zumaia (Puente Narrondo),43.2963,-2.2563,17,574
45,fish,PV_GAL_ABRAINT,Nerbioi exterior (Arrastre zona exterior masa de agua),43.341806,-3.025751,34,570
554,phytoplankton,E-L10,Lekeitio (Molino),43.3602,-2.4989,17,556
745,water,E-OK10HB,Murueta (Astillero). High Tide. Bottom,43.3647,-2.6841,29,539
657,water,E-B10HB,Plentzia (Puerto). High Tide. Bottom,43.4076,-2.9463,28,538
673,water,E-BI20HB,Hondarribia (Txingudi). High Tide. Bottom,43.3697,-1.7901,29,534
649,water,E-A10HB,Ondarroa (Embarcadero). High Tide. Bottom,43.3199,-2.421,28,530
681,water,E-D10HB,Deba (Puente). High Tide. Bottom,43.2925,-2.3572,29,528
797,water,L-O20B,Litoral de Getaria. Bottom,43.3156,-2.1801,21,527
801,water,L-OI20B,Litoral de Pasaia (Asabaratza). Bottom,43.3601,-1.8918,21,527
805,water,L-RF10B,Litoral Oiartzun - Plataforma. Bottom,43.4534,-1.918,21,527
737,water,E-OI15HB,Pasaia de San Pedro (Dársena de Herrera). High Tide. Bottom,43.3224,-1.9311,21,526
789,water,L-L20B,Litoral de Lekeitio. Bottom,43.3729,-2.4896,21,526
757,water,E-U10HB,Zumaia (Puente Narrondo). High Tide. Bottom,43.2963,-2.2563,29,525
669,water,E-BI10HB,Irun (Amute). High Tide. Bottom,43.3522,-1.7913,29,524
769,water,E-UR10HB,Donostia (Puente de Santa Catalina). High Tide. Bottom,43.3171,-1.9782,29,522
689,water,E-L10HB,Lekeitio (Molino). High Tide. Bottom,43.3602,-2.4989,29,519
697,water,E-M10HB,Pobeña (puente). High Tide. Bottom,43.3469,-3.1216,29,519
713,water,E-N17HB,Leioa (Lamiako). High Tide. Bottom,43.3156,-2.9977,21,516
711,water,E-N15LB,Barakaldo (Puente de Rontegi). Low Tide. Bottom,43.2951,-2.974,21,516
709,water,E-N15HB,Barakaldo (Puente de Rontegi). High Tide. Bottom,43.2951,-2.974,21,516
725,water,E-O10HB,Orio (Puente de La Autopista). High Tide. Bottom,43.2826,-2.1316,29,515
573,phytoplankton,E-U8,Zumaia (Puente del Ferrocarril),43.292,-2.245,17,511
675,water,E-BI20LB,Hondarribia (Txingudi). Low Tide. Bottom,43.3697,-1.7901,29,508
86,invertebrates,L-B10,Litoral de Gorliz (Cabo Villano),43.4370744,-2.9553061,28,500
651,water,E-A10LB,Ondarroa (Embarcadero). Low Tide. Bottom,43.3199,-2.421,28,495
659,water,E-B10LB,Plentzia (Puerto). Low Tide. Bottom,43.4076,-2.9463,28,493
93,invertebrates,L-N20,Litoral de Sopelana,43.3992447,-3.0206474,28,483
749,water,E-OK20HB,Sukarrieta (Txatxarramendi). High Tide. Bottom,43.3936,-2.6943,26,479
759,water,E-U10LB,Zumaia (Puente Narrondo). Low Tide. Bottom,43.2963,-2.2563,29,472
46,fish,PV_GAL_LAMIAKO,Nerbioi interior (Arrastre zona exterior masa de agua),43.320628,-3.006056,34,469
547,phytoplankton,E-B5,Plentzia (Abaniko),43.3963,-2.9241,21,468
555,phytoplankton,E-L5,Lekeitio (Astillero),43.3569,-2.5047,21,449
699,water,E-M10LB,Pobeña (puente). Low Tide. Bottom,43.3469,-3.1216,29,446
552,phytoplankton,E-D10,Deba (Puente),43.2925,-2.3572,17,440
809,water,L-RF30B,Litoral Butroe - Plataforma. Bottom,43.5,-2.7999,17,432
807,water,L-RF20B,Litoral Deba - Plataforma. Bottom,43.4,-2.2999,17,432
564,phytoplankton,E-O5,Orio (Rampa),43.2759,-2.1202,16,415
727,water,E-O10LB,Orio (Puente de La Autopista). Low Tide. Bottom,43.2826,-2.1316,29,411
80,invertebrates,E-U10,Zumaia (Puente Narrondo),43.2963289,-2.2562599,28,402
68,invertebrates,E-N15,Barakaldo (Puente de Rontegi),43.2950701,-2.9739759,21,402
665,water,E-B7HB,Plentzia (Campo de fútbol). High Tide. Bottom,43.3979,-2.9442,21,395
653,water,E-A5HB,Ondarroa (Errenteria). High Tide. Bottom,43.3221,-2.4433,21,392
78,invertebrates,E-OK20,Sukarrieta (Txatxarramendi),43.3936244,-2.6942934,25,390
729,water,E-O5HB,Orio (Rampa). High Tide. Bottom,43.2759,-2.1202,21,389
701,water,E-M5HB,Muskiz (Petronor). High Tide. Bottom,43.3322,-3.1125,21,389
773,water,E-UR5HB,Donostia (Loiola). High Tide. Bottom,43.3142,-1.9691,21,389
48,fish,PV_GAL_RONTEGI,Nerbioi interior (Arrastre zona media masa de agua),43.296997,-2.972804,32,388
747,water,E-OK10LB,Murueta (Astillero). Low Tide. Bottom,43.3647,-2.6841,29,388
677,water,E-BI5HB,Irun (Behobia). High Tide. Bottom,43.344,-1.7621,21,388
763,water,E-U5LB,Zumaia (Bedua). Low Tide. Bottom,43.2791,-2.252,21,387
545,phytoplankton,E-A5,Ondarroa (Errenteria),43.3221,-2.4433,21,387
761,water,E-U5HB,Zumaia (Bedua). High Tide. Bottom,43.2791,-2.252,21,385
667,water,E-B7LB,Plentzia (Campo de fútbol). Low Tide. Bottom,43.3979,-2.9442,21,385
771,water,E-UR10LB,Donostia (Puente de Santa Catalina). Low Tide. Bottom,43.3171,-1.9782,29,384
703,water,E-M5LB,Muskiz (Petronor). Low Tide. Bottom,43.3322,-3.1125,21,384
671,water,E-BI10LB,Irun (Amute). Low Tide. Bottom,43.3522,-1.7913,29,384
661,water,E-B5HB,Plentzia (Abaniko). High Tide. Bottom,43.3963,-2.9241,21,383
693,water,E-L5HB,Lekeitio (Astillero). High Tide. Bottom,43.3569,-2.5047,21,383
679,water,E-BI5LB,Irun (Behobia). Low Tide. Bottom,43.344,-1.7621,21,383
56,invertebrates,E-B10,Plentzia (Puerto),43.4076261,-2.9462871,28,383
765,water,E-U8HB,Zumaia (Puente del Ferrocarril). High Tide. Bottom,43.292,-2.245,21,382
663,water,E-B5LB,Plentzia (Abaniko). Low Tide. Bottom,43.3963,-2.9241,21,381
685,water,E-D5HB,Deba (Campo de fútbol). High Tide. Bottom,43.2934,-2.3639,21,381
691,water,E-L10LB,Lekeitio (Molino). Low Tide. Bottom,43.3602,-2.4989,29,379
753,water,E-OK5HB,Forua (Salida de la Depuradora). High Tide. Bottom,43.3405,-2.6662,21,379
775,water,E-UR5LB,Donostia (Loiola). Low Tide. Bottom,43.3142,-1.9691,21,377
751,water,E-OK20LB,Sukarrieta (Txatxarramendi). Low Tide. Bottom,43.3936,-2.6943,26,375
731,water,E-O5LB,Orio (Rampa). Low Tide. Bottom,43.2759,-2.1202,21,374
755,water,E-OK5LB,Forua (Salida de la Depuradora). Low Tide. Bottom,43.3405,-2.6662,21,374
767,water,E-U8LB,Zumaia (Puente del Ferrocarril). Low Tide. Bottom,43.292,-2.245,21,372
687,water,E-D5LB,Deba (Campo de fútbol). Low Tide. Bottom,43.2934,-2.3639,21,371
695,water,E-L5LB,Lekeitio (Astillero). Low Tide. Bottom,43.3569,-2.5047,21,367
558,phytoplankton,E-N10,Bilbao (Puente de Deusto),43.2697,-2.939,17,362
570,phytoplankton,E-OK5,Forua (Salida de la Depuradora),43.3405,-2.6662,21,358
655,water,E-A5LB,Ondarroa (Errenteria). Low Tide. Bottom,43.3221,-2.4433,21,357
572,phytoplankton,E-U5,Zumaia (Bedua),43.2791,-2.252,19,350
59,invertebrates,E-BI10,Irun (Amute),43.3522399,-1.7912869,28,349
551,phytoplankton,E-BI5,Irun (Behobia),43.344,-1.7621,19,343
77,invertebrates,E-OK10,Murueta (Astillero),43.3646562,-2.6840717,28,326
60,invertebrates,E-BI20,Hondarribia (Txingudi),43.3697139,-1.7901006,28,320
58,invertebrates,E-B7,Plentzia (Campo de fútbol),43.3979003,-2.9442087,21,320
557,phytoplankton,E-M5,Muskiz (Petronor),43.3322,-3.1125,16,319
82,invertebrates,E-U8,Zumaia (Puente del Ferrocarril),43.2919597,-2.2449599,21,311
47,fish,PV_GAL_OLABEAGA,Nerbioi interior (Arrastre zona interior masa de agua),43.267331,-2.957217,21,308
553,phytoplankton,E-D5,Deba (Campo de fútbol),43.2934,-2.3639,16,291
97,invertebrates,L-OI20,Litoral de Pasaia (Asabaratza),43.3600653,-1.8917834,21,286
575,phytoplankton,E-UR5,Donostia (Loiola),43.3142,-1.9691,15,282
435,macroalgae,M-LOI11,Oiartzun Zona 01. Litoral Macroalgas. Height: 1,43.3322386,-1.9486985,18,269
295,macroalgae,M-LD24,Deba Zona 02. Litoral Macroalgas. Height: 4,43.3024359,-2.3449192,18,260
73,invertebrates,E-O5,Orio (Rampa),43.2758501,-2.1201703,21,253
62,invertebrates,E-D10,Deba (Puente),43.2924654,-2.3571932,28,243
72,invertebrates,E-O10,Orio (Puente de La Autopista),43.282646,-2.1316088,28,240
301,macroalgae,M-LL11,Lea Zona 01. Litoral Macroalgas. Height: 1,43.3668689,-2.4972341,21,240
65,invertebrates,E-L5,Lekeitio (Astillero),43.3568706,-2.5047208,21,238
287,macroalgae,M-LD21,Deba Zona 02. Litoral Macroalgas. Height: 1,43.3024359,-2.3449192,18,232
64,invertebrates,E-L10,Lekeitio (Molino),43.360204,-2.4989305,28,230
237,macroalgae,M-LB22,Butroe Zona 02. Litoral Macroalgas. Height: 2,43.4181537,-2.9494895,21,229
57,invertebrates,E-B5,Plentzia (Abaniko),43.3962679,-2.9241072,21,226
61,invertebrates,E-BI5,Irun (Behobia),43.3439585,-1.7620755,21,224
235,macroalgae,M-LB21,Butroe Zona 02. Litoral Macroalgas. Height: 1,43.4181537,-2.9494895,21,223
293,macroalgae,M-LD22,Deba Zona 02. Litoral Macroalgas. Height: 2,43.3024359,-2.3449192,18,218
238,macroalgae,M-LB23,Butroe Zona 02. Litoral Macroalgas. Height: 3,43.4181537,-2.9494895,21,217
436,macroalgae,M-LOI12,Oiartzun Zona 01. Litoral Macroalgas. Height: 2,43.3322386,-1.9486985,18,215
302,macroalgae,M-LL12,Lea Zona 01. Litoral Macroalgas. Height: 2,43.3668689,-2.4972341,21,212
512,macroalgae,M-LU22,Urola Zona 02. Litoral Macroalgas. Height: 2,43.3084801,-2.239071,18,210
334,macroalgae,M-LM23,Barbadún Zona 02. Litoral Macroalgas. Height: 3,43.3526642,-3.1133258,18,209
81,invertebrates,E-U5,Zumaia (Bedua),43.2790753,-2.251984,21,207
55,invertebrates,E-A5,Ondarroa (Errenteria),43.3220738,-2.4433249,21,203
313,macroalgae,M-LL32,Lea Zona 03. Litoral Macroalgas. Height: 2,43.3633326,-2.4916849,21,202
83,invertebrates,E-UR10,Donostia (Puente de Santa Catalina),43.3170633,-1.9781998,28,202
437,macroalgae,M-LOI13,Oiartzun Zona 01. Litoral Macroalgas. Height: 3,43.3322386,-1.9486985,18,197
333,macroalgae,M-LM22,Barbadún Zona 02. Litoral Macroalgas. Height: 2,43.3526642,-3.1133258,18,192
314,macroalgae,M-LL33,Lea Zona 03. Litoral Macroalgas. Height: 3,43.3633326,-2.4916849,21,189
312,macroalgae,M-LL31,Lea Zona 03. Litoral Macroalgas. Height: 1,43.3633326,-2.4916849,21,186
440,macroalgae,M-LOI16,Oiartzun Zona 01. Litoral Macroalgas. Height: 6,43.3322386,-1.9486985,18,181
282,macroalgae,M-LD13,Deba Zona 01. Litoral Macroalgas. Height: 3,43.3028695,-2.3562699,18,181
511,macroalgae,M-LU21,Urola Zona 02. Litoral Macroalgas. Height: 1,43.3084801,-2.239071,18,173
66,invertebrates,E-M5,Muskiz (Petronor),43.3321796,-3.1125476,21,172
212,macroalgae,M-LA11,Artibai Zona 01. Litoral Macroalgas. Height: 1,43.3215044,-2.4122999,21,172
239,macroalgae,M-LB24,Butroe Zona 02. Litoral Macroalgas. Height: 4,43.4181537,-2.9494895,21,171
63,invertebrates,E-D5,Deba (Campo de fútbol),43.2934033,-2.3638895,21,170
67,invertebrates,E-N10,Bilbao (Puente de Deusto),43.2696547,-2.9390273,21,170
493,macroalgae,M-LOK64,Oka Zona 06. Litoral Macroalgas. Height: 4,43.4120248,-2.6762294,15,163
214,macroalgae,M-LA13,Artibai Zona 01. Litoral Macroalgas. Height: 3,43.3215044,-2.4122999,21,163
281,macroalgae,M-LD12,Deba Zona 01. Litoral Macroalgas. Height: 2,43.3028695,-2.3562699,18,162
267,macroalgae,M-LBI214,Bidasoa Zona 02. Litoral Macroalgas. Height: 14,43.391142,-1.7907362,18,162
280,macroalgae,M-LD11,Deba Zona 01. Litoral Macroalgas. Height: 1,43.3028695,-2.3562699,18,161
303,macroalgae,M-LL13,Lea Zona 01. Litoral Macroalgas. Height: 3,43.3668689,-2.4972341,21,161
240,macroalgae,M-LB25,Butroe Zona 02. Litoral Macroalgas. Height: 5,43.4181537,-2.9494895,21,160
316,macroalgae,M-LL35,Lea Zona 03. Litoral Macroalgas. Height: 5,43.3633326,-2.4916849,21,160
531,macroalgae,M-LUR24,Urumea Zona 02. Litoral Macroalgas. Height: 4,43.3295506,-1.9719588,18,158
294,macroalgae,M-LD23,Deba Zona 02. Litoral Macroalgas. Height: 3,43.3024359,-2.3449192,18,158
499,macroalgae,M-LU1b1,Urola Zona 01b. Litoral Macroalgas. Height: 1,43.303637,-2.2598697,18,156
315,macroalgae,M-LL34,Lea Zona 03. Litoral Macroalgas. Height: 4,43.3633326,-2.4916849,21,156
375,macroalgae,M-LN41,Ibaizabal Zona 04. Litoral Macroalgas. Height: 1,43.3803451,-3.0158881,12,156
216,macroalgae,M-LA21,Artibai Zona 02. Litoral Macroalgas. Height: 1,43.3230751,-2.4112981,21,156
256,macroalgae,M-LBI12,Bidasoa Zona 01. Litoral Macroalgas. Height: 2,43.3931766,-1.79582,18,155
222,macroalgae,M-LA23,Artibai Zona 02. Litoral Macroalgas. Height: 3,43.3230751,-2.4112981,21,155
75,invertebrates,E-OI15,Pasaia de San Pedro (Dársena de Herrera),43.3223598,-1.9311091,21,155
491,macroalgae,M-LOK62,Oka Zona 06. Litoral Macroalgas. Height: 2,43.4120248,-2.6762294,15,155
492,macroalgae,M-LOK63,Oka Zona 06. Litoral Macroalgas. Height: 3,43.4120248,-2.6762294,15,153
513,macroalgae,M-LU23,Urola Zona 02. Litoral Macroalgas. Height: 3,43.3084801,-2.239071,18,153
500,macroalgae,M-LU1b2,Urola Zona 01b. Litoral Macroalgas. Height: 2,43.303637,-2.2598697,18,152
213,macroalgae,M-LA12,Artibai Zona 01. Litoral Macroalgas. Height: 2,43.3215044,-2.4122999,21,152
498,macroalgae,M-LU1a2,Urola Zona 01a. Litoral Macroalgas. Height: 2,43.3037848,-2.2604474,18,150
272,macroalgae,M-LBI22,Bidasoa Zona 02. Litoral Macroalgas. Height: 2,43.391142,-1.7907362,18,149
506,macroalgae,M-LU1c2,Urola Zona 01c. Litoral Macroalgas. Height: 2,43.303563,-2.2595623,18,147
497,macroalgae,M-LU1a1,Urola Zona 01a. Litoral Macroalgas. Height: 1,43.3037848,-2.2604474,18,147
385,macroalgae,M-LN48,Ibaizabal Zona 04. Litoral Macroalgas. Height: 8,43.3803451,-3.0158881,12,146
221,macroalgae,M-LA22,Artibai Zona 02. Litoral Macroalgas. Height: 2,43.3230751,-2.4112981,21,146
79,invertebrates,E-OK5,Forua (Salida de la Depuradora),43.3405092,-2.6661725,21,146
273,macroalgae,M-LBI23,Bidasoa Zona 02. Litoral Macroalgas. Height: 3,43.391142,-1.7907362,18,143
482,macroalgae,M-LOK51,Oka Zona 05. Litoral Macroalgas. Height: 1,43.4105988,-2.6980863,15,143
335,macroalgae,M-LM24,Barbadún Zona 02. Litoral Macroalgas. Height: 4,43.3526642,-3.1133258,18,143
382,macroalgae,M-LN45,Ibaizabal Zona 04. Litoral Macroalgas. Height: 5,43.3803451,-3.0158881,12,141
507,macroalgae,M-LU1c3,Urola Zona 01c. Litoral Macroalgas. Height: 3,43.303563,-2.2595623,18,140
255,macroalgae,M-LBI11,Bidasoa Zona 01. Litoral Macroalgas. Height: 1,43.3931766,-1.79582,18,140
494,macroalgae,M-LOK65,Oka Zona 06. Litoral Macroalgas. Height: 5,43.4120248,-2.6762294,15,139
485,macroalgae,M-LOK54,Oka Zona 05. Litoral Macroalgas. Height: 4,43.4105988,-2.6980863,15,138
501,macroalgae,M-LU1b3,Urola Zona 01b. Litoral Macroalgas. Height: 3,43.303637,-2.2598697,18,138
330,macroalgae,M-LM21,Barbadún Zona 02. Litoral Macroalgas. Height: 1,43.3526642,-3.1133258,18,138
483,macroalgae,M-LOK52,Oka Zona 05. Litoral Macroalgas. Height: 2,43.4105988,-2.6980863,15,138
530,macroalgae,M-LUR23,Urumea Zona 02. Litoral Macroalgas. Height: 3,43.3295506,-1.9719588,18,137
505,macroalgae,M-LU1c1,Urola Zona 01c. Litoral Macroalgas. Height: 1,43.303563,-2.2595623,18,137
529,macroalgae,M-LUR22,Urumea Zona 02. Litoral Macroalgas. Height: 2,43.3295506,-1.9719588,18,136
274,macroalgae,M-LBI24,Bidasoa Zona 02. Litoral Macroalgas. Height: 4,43.391142,-1.7907362,18,136
336,macroalgae,M-LM25,Barbadún Zona 02. Litoral Macroalgas. Height: 5,43.3526642,-3.1133258,18,136
262,macroalgae,M-LBI21,Bidasoa Zona 02. Litoral Macroalgas. Height: 1,43.391142,-1.7907362,18,136
484,macroalgae,M-LOK53,Oka Zona 05. Litoral Macroalgas. Height: 3,43.4105988,-2.6980863,15,135
25,fish,AME,Barbadun (Arrastre zona exterior estuario),43.34246,-3.1153919,31,132
268,macroalgae,M-LBI215,Bidasoa Zona 02. Litoral Macroalgas. Height: 15,43.391142,-1.7907362,18,131
84,invertebrates,E-UR5,Donostia (Loiola),43.3142354,-1.9691095,21,130
528,macroalgae,M-LUR21,Urumea Zona 02. Litoral Macroalgas. Height: 1,43.3295506,-1.9719588,18,129
217,macroalgae,M-LA210,Artibai Zona 02. Litoral Macroalgas. Height: 10,43.3230751,-2.4112981,12,129
486,macroalgae,M-LOK55,Oka Zona 05. Litoral Macroalgas. Height: 5,43.4105988,-2.6980863,15,128
381,macroalgae,M-LN44,Ibaizabal Zona 04. Litoral Macroalgas. Height: 4,43.3803451,-3.0158881,12,126
338,macroalgae,M-LM27,Barbadún Zona 02. Litoral Macroalgas. Height: 7,43.3526642,-3.1133258,18,124
532,macroalgae,M-LUR25,Urumea Zona 02. Litoral Macroalgas. Height: 5,43.3295506,-1.9719588,18,122
229,macroalgae,M-LB11,Butroe Zona 01. Litoral Macroalgas. Height: 1,43.4180365,-2.9490202,12,122
514,macroalgae,M-LU24,Urola Zona 02. Litoral Macroalgas. Height: 4,43.3084801,-2.239071,18,121
445,macroalgae,M-LOI23,Oiartzun Zona 02. Litoral Macroalgas. Height: 3,43.3357606,-1.927494,12,120
26,fish,AMI,Barbadun (Arrastre zona interior estuario),43.3304106,-3.1166272,31,120
27,fish,AMM,Barbadun (Arrastre zona media estuario),43.3361604,-3.1117531,31,120
218,macroalgae,M-LA211,Artibai Zona 02. Litoral Macroalgas. Height: 11,43.3230751,-2.4112981,12,119
414,macroalgae,M-LO32,Orio Zona 03. Litoral Macroalgas. Height: 2,43.2941006,-2.1484825,12,119
450,macroalgae,M-LOI31,Oiartzun Zona 03. Litoral Macroalgas. Height: 1,43.3354825,-1.9314587,5,118
224,macroalgae,M-LA25,Artibai Zona 02. Litoral Macroalgas. Height: 5,43.3230751,-2.4112981,21,117
441,macroalgae,M-LOI17,Oiartzun Zona 01. Litoral Macroalgas. Height: 7,43.3322386,-1.9486985,18,117
296,macroalgae,M-LD25,Deba Zona 02. Litoral Macroalgas. Height: 5,43.3024359,-2.3449192,18,117
379,macroalgae,M-LN42,Ibaizabal Zona 04. Litoral Macroalgas. Height: 2,43.3803451,-3.0158881,12,116
225,macroalgae,M-LA26,Artibai Zona 02. Litoral Macroalgas. Height: 6,43.3230751,-2.4112981,21,115
304,macroalgae,M-LL14,Lea Zona 01. Litoral Macroalgas. Height: 4,43.3668689,-2.4972341,21,115
521,macroalgae,M-LUR12,Urumea Zona 01. Litoral Macroalgas. Height: 2,43.3208656,-2.0154308,15,114
515,macroalgae,M-LU25,Urola Zona 02. Litoral Macroalgas. Height: 5,43.3084801,-2.239071,18,113
266,macroalgae,M-LBI213,Bidasoa Zona 02. Litoral Macroalgas. Height: 13,43.391142,-1.7907362,18,113
259,macroalgae,M-LBI15,Bidasoa Zona 01. Litoral Macroalgas. Height: 5,43.3931766,-1.79582,18,113
226,macroalgae,M-LA27,Artibai Zona 02. Litoral Macroalgas. Height: 7,43.3230751,-2.4112981,12,112
17,fish,ABI,Butroe (Arrastre zona interior estuario),43.3913715,-2.9271507,26,112
533,macroalgae,M-LUR26,Urumea Zona 02. Litoral Macroalgas. Height: 6,43.3295506,-1.9719588,18,110
263,macroalgae,M-LBI210,Bidasoa Zona 02. Litoral Macroalgas. Height: 10,43.391142,-1.7907362,18,110
223,macroalgae,M-LA24,Artibai Zona 02. Litoral Macroalgas. Height: 4,43.3230751,-2.4112981,21,110
258,macroalgae,M-LBI14,Bidasoa Zona 01. Litoral Macroalgas. Height: 4,43.3931766,-1.79582,18,110
502,macroalgae,M-LU1b4,Urola Zona 01b. Litoral Macroalgas. Height: 4,43.303637,-2.2598697,18,110
278,macroalgae,M-LBI28,Bidasoa Zona 02. Litoral Macroalgas. Height: 8,43.391142,-1.7907362,18,110
283,macroalgae,M-LD14,Deba Zona 01. Litoral Macroalgas. Height: 4,43.3028695,-2.3562699,18,109
516,macroalgae,M-LU26,Urola Zona 02. Litoral Macroalgas. Height: 6,43.3084801,-2.239071,18,109
337,macroalgae,M-LM26,Barbadún Zona 02. Litoral Macroalgas. Height: 6,43.3526642,-3.1133258,18,109
408,macroalgae,M-LO31,Orio Zona 03. Litoral Macroalgas. Height: 1,43.2941006,-2.1484825,12,108
257,macroalgae,M-LBI13,Bidasoa Zona 01. Litoral Macroalgas. Height: 3,43.3931766,-1.79582,18,107
438,macroalgae,M-LOI14,Oiartzun Zona 01. Litoral Macroalgas. Height: 4,43.3322386,-1.9486985,18,107
487,macroalgae,M-LOK56,Oka Zona 05. Litoral Macroalgas. Height: 6,43.4105988,-2.6980863,15,107
276,macroalgae,M-LBI26,Bidasoa Zona 02. Litoral Macroalgas. Height: 6,43.391142,-1.7907362,18,107
534,macroalgae,M-LUR27,Urumea Zona 02. Litoral Macroalgas. Height: 7,43.3295506,-1.9719588,18,107
228,macroalgae,M-LA29,Artibai Zona 02. Litoral Macroalgas. Height: 9,43.3230751,-2.4112981,12,107
265,macroalgae,M-LBI212,Bidasoa Zona 02. Litoral Macroalgas. Height: 12,43.391142,-1.7907362,18,106
275,macroalgae,M-LBI25,Bidasoa Zona 02. Litoral Macroalgas. Height: 5,43.391142,-1.7907362,18,106
508,macroalgae,M-LU1c4,Urola Zona 01c. Litoral Macroalgas. Height: 4,43.303563,-2.2595623,18,103
289,macroalgae,M-LD211,Deba Zona 02. Litoral Macroalgas. Height: 11,43.3024359,-2.3449192,18,102
284,macroalgae,M-LD15,Deba Zona 01. Litoral Macroalgas. Height: 5,43.3028695,-2.3562699,18,102
297,macroalgae,M-LD26,Deba Zona 02. Litoral Macroalgas. Height: 6,43.3024359,-2.3449192,18,100
416,macroalgae,M-LO34,Orio Zona 03. Litoral Macroalgas. Height: 4,43.2941006,-2.1484825,12,100
339,macroalgae,M-LM28,Barbadún Zona 02. Litoral Macroalgas. Height: 8,43.3526642,-3.1133258,18,99
384,macroalgae,M-LN47,Ibaizabal Zona 04. Litoral Macroalgas. Height: 7,43.3803451,-3.0158881,12,99
277,macroalgae,M-LBI27,Bidasoa Zona 02. Litoral Macroalgas. Height: 7,43.391142,-1.7907362,18,97
383,macroalgae,M-LN46,Ibaizabal Zona 04. Litoral Macroalgas. Height: 6,43.3803451,-3.0158881,12,95
380,macroalgae,M-LN43,Ibaizabal Zona 04. Litoral Macroalgas. Height: 3,43.3803451,-3.0158881,12,95
230,macroalgae,M-LB12,Butroe Zona 01. Litoral Macroalgas. Height: 2,43.4180365,-2.9490202,12,94
248,macroalgae,M-LB33,Butroe Zona 03. Litoral Macroalgas. Height: 3,43.4334643,-2.899559,6,94
279,macroalgae,M-LBI29,Bidasoa Zona 02. Litoral Macroalgas. Height: 9,43.391142,-1.7907362,18,94
439,macroalgae,M-LOI15,Oiartzun Zona 01. Litoral Macroalgas. Height: 5,43.3322386,-1.9486985,18,92
288,macroalgae,M-LD210,Deba Zona 02. Litoral Macroalgas. Height: 10,43.3024359,-2.3449192,18,92
227,macroalgae,M-LA28,Artibai Zona 02. Litoral Macroalgas. Height: 8,43.3230751,-2.4112981,12,91
415,macroalgae,M-LO33,Orio Zona 03. Litoral Macroalgas. Height: 3,43.2941006,-2.1484825,12,90
247,macroalgae,M-LB32,Butroe Zona 03. Litoral Macroalgas. Height: 2,43.4334643,-2.899559,6,90
388,macroalgae,M-LN52,Ibaizabal Zona 05. Litoral Macroalgas. Height: 2,43.3557078,-3.1132081,6,89
264,macroalgae,M-LBI211,Bidasoa Zona 02. Litoral Macroalgas. Height: 11,43.391142,-1.7907362,18,89
18,fish,ABM,Butroe (Arrastre zona media estuario),43.39317,-2.9384467,26,89
269,macroalgae,M-LBI216,Bidasoa Zona 02. Litoral Macroalgas. Height: 16,43.391142,-1.7907362,18,89
520,macroalgae,M-LUR11,Urumea Zona 01. Litoral Macroalgas. Height: 1,43.3208656,-2.0154308,15,88
376,macroalgae,M-LN410,Ibaizabal Zona 04. Litoral Macroalgas. Height: 10,43.3803451,-3.0158881,12,87
318,macroalgae,M-LL37,Lea Zona 03. Litoral Macroalgas. Height: 7,43.3633326,-2.4916849,21,86
503,macroalgae,M-LU1b5,Urola Zona 01b. Litoral Macroalgas. Height: 5,43.303637,-2.2598697,18,85
245,macroalgae,M-LB31,Butroe Zona 03. Litoral Macroalgas. Height: 1,43.4334643,-2.899559,6,85
443,macroalgae,M-LOI21,Oiartzun Zona 02. Litoral Macroalgas. Height: 1,43.3357606,-1.927494,12,84
387,macroalgae,M-LN51,Ibaizabal Zona 05. Litoral Macroalgas. Height: 1,43.3557078,-3.1132081,6,83
451,macroalgae,M-LOI32,Oiartzun Zona 03. Litoral Macroalgas. Height: 2,43.3354825,-1.9314587,5,83
242,macroalgae,M-LB27,Butroe Zona 02. Litoral Macroalgas. Height: 7,43.4181537,-2.9494895,21,83
578,phytoplankton,L-B15,Litoral de Arminza,43.4466,-2.8775,3,82
189,macroalgae,M-EOK1,Oka Zona 01.Estuario Macroalgas,43.3888573,-2.6829953,21,82
298,macroalgae,M-LD27,Deba Zona 02. Litoral Macroalgas. Height: 7,43.3024359,-2.3449192,18,81
386,macroalgae,M-LN49,Ibaizabal Zona 04. Litoral Macroalgas. Height: 9,43.3803451,-3.0158881,12,81
444,macroalgae,M-LOI22,Oiartzun Zona 02. Litoral Macroalgas. Height: 2,43.3357606,-1.927494,12,81
389,macroalgae,M-LN53,Ibaizabal Zona 05. Litoral Macroalgas. Height: 3,43.3557078,-3.1132081,6,80
34,fish,AOKI,Oka (Arrastre zona interior estuario),43.3530827,-2.6703608,21,78
16,fish,ABE,Butroe (Arrastre zona exterior estuario),43.4006921,-2.945083,26,78
418,macroalgae,M-LO36,Orio Zona 03. Litoral Macroalgas. Height: 6,43.2941006,-2.1484825,12,78
390,macroalgae,M-LN54,Ibaizabal Zona 05. Litoral Macroalgas. Height: 4,43.3557078,-3.1132081,6,78
252,macroalgae,M-LB37,Butroe Zona 03. Litoral Macroalgas. Height: 7,43.4334643,-2.899559,6,77
495,macroalgae,M-LOK66,Oka Zona 06. Litoral Macroalgas. Height: 6,43.4120248,-2.6762294,15,76
360,macroalgae,M-LN21a,Ibaizabal Zona 02. Litoral Macroalgas. Height: 1a,43.3719749,-3.0374499,3,76
419,macroalgae,M-LO37,Orio Zona 03. Litoral Macroalgas. Height: 7,43.2941006,-2.1484825,12,76
260,macroalgae,M-LBI16,Bidasoa Zona 01. Litoral Macroalgas. Height: 6,43.3931766,-1.79582,18,76
249,macroalgae,M-LB34,Butroe Zona 03. Litoral Macroalgas. Height: 4,43.4334643,-2.899559,6,73
490,macroalgae,M-LOK61,Oka Zona 06. Litoral Macroalgas. Height: 1,43.4120248,-2.6762294,15,73
285,macroalgae,M-LD16,Deba Zona 01. Litoral Macroalgas. Height: 6,43.3028695,-2.3562699,18,72
241,macroalgae,M-LB26,Butroe Zona 02. Litoral Macroalgas. Height: 6,43.4181537,-2.9494895,18,72
317,macroalgae,M-LL36,Lea Zona 03. Litoral Macroalgas. Height: 6,43.3633326,-2.4916849,21,71
347,macroalgae,M-LM32,Barbadún Zona 03. Litoral Macroalgas. Height: 2,43.351681,-3.146574,3,71
417,macroalgae,M-LO35,Orio Zona 03. Litoral Macroalgas. Height: 5,43.2941006,-2.1484825,12,71
251,macroalgae,M-LB36,Butroe Zona 03. Litoral Macroalgas. Height: 6,43.4334643,-2.899559,6,70
522,macroalgae,M-LUR13,Urumea Zona 01. Litoral Macroalgas. Height: 3,43.3208656,-2.0154308,15,70
196,macroalgae,M-EOK7,Oka Zona 07.Estuario Macroalgas,43.3700636,-2.6760947,21,68
305,macroalgae,M-LL15,Lea Zona 01. Litoral Macroalgas. Height: 5,43.3668689,-2.4972341,21,67
250,macroalgae,M-LB35,Butroe Zona 03. Litoral Macroalgas. Height: 5,43.4334643,-2.899559,6,66
348,macroalgae,M-LM33,Barbadún Zona 03. Litoral Macroalgas. Height: 3,43.351681,-3.146574,3,66
324,macroalgae,M-LM14,Barbadún Zona 01. Litoral Macroalgas. Height: 4,43.3490175,-3.1219192,12,66
323,macroalgae,M-LM13,Barbadún Zona 01. Litoral Macroalgas. Height: 3,43.3490175,-3.1219192,12,66
19,fish,ADE,Deba (Arrastre zona exterior estuario),43.2960597,-2.3558486,18,65
253,macroalgae,M-LB38,Butroe Zona 03. Litoral Macroalgas. Height: 8,43.4334643,-2.899559,6,63
307,macroalgae,M-LL21,Lea Zona 02. Litoral Macroalgas. Height: 1,43.3648465,-2.4960042,12,63
523,macroalgae,M-LUR14,Urumea Zona 01. Litoral Macroalgas. Height: 4,43.3208656,-2.0154308,15,63
340,macroalgae,M-LM29,Barbadún Zona 02. Litoral Macroalgas. Height: 9,43.3526642,-3.1133258,18,63
141,macroalgae,M-EBI5,Bidasoa Zona 05. Estuario Macroalgas,43.3501646,-1.7908839,18,62
231,macroalgae,M-LB13,Butroe Zona 01. Litoral Macroalgas. Height: 3,43.4180365,-2.9490202,12,61
524,macroalgae,M-LUR15,Urumea Zona 01. Litoral Macroalgas. Height: 5,43.3208656,-2.0154308,15,61
129,macroalgae,M-EBI14,Bidasoa Zona 14. Estuario Macroalgas,43.3649689,-1.7723857,18,61
22,fish,ALE,Lea (Arrastre zona exterior estuario),43.3585777,-2.4997213,21,60
300,macroalgae,M-LD29,Deba Zona 02. Litoral Macroalgas. Height: 9,43.3024359,-2.3449192,18,60
193,macroalgae,M-EOK4,Oka Zona 04.Estuario Macroalgas,43.3845654,-2.6874499,21,60
509,macroalgae,M-LU1c5,Urola Zona 01c. Litoral Macroalgas. Height: 5,43.303563,-2.2595623,18,60
420,macroalgae,M-LO38,Orio Zona 03. Litoral Macroalgas. Height: 8,43.2941006,-2.1484825,12,59
35,fish,AOKM,Oka (Arrastre zona media estuario),43.3707337,-2.6806211,21,58
325,macroalgae,M-LM15,Barbadún Zona 01. Litoral Macroalgas. Height: 5,43.3490175,-3.1219192,12,58
13,fish,AAE,Artibai (Arrastre zona exterior estuario),43.3200121,-2.4198374,21,58
215,macroalgae,M-LA14,Artibai Zona 01. Litoral Macroalgas. Height: 4,43.3215044,-2.4122999,21,56
128,macroalgae,M-EBI13,Bidasoa Zona 13. Estuario Macroalgas,43.3703224,-1.7745241,18,56
446,macroalgae,M-LOI24,Oiartzun Zona 02. Litoral Macroalgas. Height: 4,43.3357606,-1.927494,12,56
429,macroalgae,M-LO51,Orio Zona 05. Litoral Macroalgas. Height: 1,43.307584,-2.074777,3,56
362,macroalgae,M-LN22a,Ibaizabal Zona 02. Litoral Macroalgas. Height: 2a,43.3719749,-3.0374499,3,56
198,macroalgae,M-EOK9,Oka Zona 09.Estuario Macroalgas,43.3606083,-2.6790945,21,56
535,macroalgae,M-LUR28,Urumea Zona 02. Litoral Macroalgas. Height: 8,43.3295506,-1.9719588,18,56
130,macroalgae,M-EBI15,Bidasoa Zona 15. Estuario Macroalgas,43.360023,-1.7771996,18,55
36,fish,AOM,Oria (Arrastre zona media estuario),43.2753103,-2.1225689,18,55
195,macroalgae,M-EOK6,Oka Zona 06.Estuario Macroalgas,43.3747157,-2.6846243,21,55
392,macroalgae,M-LN56,Ibaizabal Zona 05. Litoral Macroalgas. Height: 6,43.3557078,-3.1132081,6,55
452,macroalgae,M-LOI33,Oiartzun Zona 03. Litoral Macroalgas. Height: 3,43.3354825,-1.9314587,5,54
326,macroalgae,M-LM16,Barbadún Zona 01. Litoral Macroalgas. Height: 6,43.3490175,-3.1219192,12,53
517,macroalgae,M-LU27,Urola Zona 02. Litoral Macroalgas. Height: 7,43.3084801,-2.239071,18,52
391,macroalgae,M-LN55,Ibaizabal Zona 05. Litoral Macroalgas. Height: 5,43.3557078,-3.1132081,6,52
370,macroalgae,M-LN34,Ibaizabal Zona 03. Litoral Macroalgas. Height: 4,43.3574004,-3.1135198,3,51
322,macroalgae,M-LM12,Barbadún Zona 01. Litoral Macroalgas. Height: 2,43.3490175,-3.1219192,12,51
126,macroalgae,M-EBI11,Bidasoa Zona 11. Estuario Macroalgas,43.3462155,-1.7810672,18,50
232,macroalgae,M-LB14,Butroe Zona 01. Litoral Macroalgas. Height: 4,43.4180365,-2.9490202,12,50
142,macroalgae,M-EBI6,Bidasoa Zona 06. Estuario Macroalgas,43.3442799,-1.7844864,18,50
191,macroalgae,M-EOK2,Oka Zona 02.Estuario Macroalgas,43.3934092,-2.6946278,21,50
243,macroalgae,M-LB28,Butroe Zona 02. Litoral Macroalgas. Height: 8,43.4181537,-2.9494895,6,49
144,macroalgae,M-EBI8,Bidasoa Zona 08. Estuario Macroalgas,43.3440927,-1.7821214,18,49
133,macroalgae,M-EBI18,Bidasoa Zona 18. Estuario Macroalgas,43.3485857,-1.7812542,18,48
51,fish,UROM,Urola (Arrastre zona media estuario),43.2937032,-2.2471819,18,48
421,macroalgae,M-LO39,Orio Zona 03. Litoral Macroalgas. Height: 9,43.2941006,-2.1484825,12,48
135,macroalgae,M-EBI2,Bidasoa Zona 02. Estuario Macroalgas,43.3595771,-1.7894506,18,48
21,fish,ADM,Deba (Arrastre zona media estuario),43.2905865,-2.3577431,18,48
125,macroalgae,M-EBI10,Bidasoa Zona 10. Estuario Macroalgas,43.345457,-1.7791823,18,48
197,macroalgae,M-EOK8,Oka Zona 08.Estuario Macroalgas,43.3672337,-2.6816392,21,47
139,macroalgae,M-EBI3,Bidasoa Zona 03. Estuario Macroalgas,43.3567882,-1.7888396,18,47
447,macroalgae,M-LOI25,Oiartzun Zona 02. Litoral Macroalgas. Height: 5,43.3357606,-1.927494,12,47
23,fish,ALI,Lea (Arrastre zona interior estuario),43.3553853,-2.5027585,21,47
341,macroalgae,M-LM31,Barbadún Zona 03. Litoral Macroalgas. Height: 1,43.351681,-3.146574,3,47
525,macroalgae,M-LUR16,Urumea Zona 01. Litoral Macroalgas. Height: 6,43.3208656,-2.0154308,15,46
290,macroalgae,M-LD212,Deba Zona 02. Litoral Macroalgas. Height: 12,43.3024359,-2.3449192,18,46
49,fish,UROE,Urola (Arrastre zona exterior estuario),43.3006911,-2.2513491,18,46
145,macroalgae,M-EBI9,Bidasoa Zona 09. Estuario Macroalgas,43.3468942,-1.7830771,18,46
299,macroalgae,M-LD28,Deba Zona 02. Litoral Macroalgas. Height: 8,43.3024359,-2.3449192,18,46
349,macroalgae,M-LM34,Barbadún Zona 03. Litoral Macroalgas. Height: 4,43.351681,-3.146574,3,45
137,macroalgae,M-EBI21,Bidasoa Zona 21. Estuario Macroalgas,43.351437,-1.8065786,15,44
140,macroalgae,M-EBI4,Bidasoa Zona 04. Estuario Macroalgas,43.3498949,-1.7960468,18,44
393,macroalgae,M-LN57,Ibaizabal Zona 05. Litoral Macroalgas. Height: 7,43.3557078,-3.1132081,6,44
32,fish,AOI,Oria (Arrastre zona interior estuario),43.2756116,-2.0964997,18,44
368,macroalgae,M-LN32,Ibaizabal Zona 03. Litoral Macroalgas. Height: 2,43.3574004,-3.1135198,3,43
442,macroalgae,M-LOI18,Oiartzun Zona 01. Litoral Macroalgas. Height: 8,43.3322386,-1.9486985,18,43
367,macroalgae,M-LN31,Ibaizabal Zona 03. Litoral Macroalgas. Height: 1,43.3574004,-3.1135198,3,43
124,macroalgae,M-EBI1,Bidasoa Zona 01. Estuario Macroalgas,43.3654934,-1.7903449,18,42
132,macroalgae,M-EBI17,Bidasoa Zona 17. Estuario Macroalgas,43.3531472,-1.7859876,18,42
33,fish,AOKE,Oka (Arrastre zona exterior estuario),43.3850936,-2.686336,21,41
53,fish,URUI,Urumea (Arrastre zona interior estuario),43.312791,-1.9647193,18,41
138,macroalgae,M-EBI22,Bidasoa Zona 22. Estuario Macroalgas,43.3477799,-1.8142383,15,41
31,fish,AOE,Oria (Arrastre zona exterior estuario),43.2849592,-2.1291107,18,41
430,macroalgae,M-LO52,Orio Zona 05. Litoral Macroalgas. Height: 2,43.307584,-2.074777,3,41
319,macroalgae,M-LL38,Lea Zona 03. Litoral Macroalgas. Height: 8,43.3633326,-2.4916849,21,41
464,macroalgae,M-LOK24,Oka Zona 02. Litoral Macroalgas. Height: 4,43.4037813,-2.6976385,3,40
203,macroalgae,M-EU5,Urola Zona 05. Estuario Macroalgas,43.2848887,-2.2486957,18,40
453,macroalgae,M-LOI34,Oiartzun Zona 03. Litoral Macroalgas. Height: 4,43.3354825,-1.9314587,5,40
595,phytoplankton,L-UR10,Litoral de Tximistarri,43.3281,-2.0178,2,40
184,macroalgae,M-EOI1,Oiartzun Zona 01. Estuario Macroalgas,43.3290374,-1.9230362,18,40
182,macroalgae,M-EO8,Orio Zona 08. Estuario Macroalgas,43.2703614,-2.1010012,18,40
431,macroalgae,M-LO53,Orio Zona 05. Litoral Macroalgas. Height: 3,43.307584,-2.074777,3,38
178,macroalgae,M-EO4,Orio Zona 04. Estuario Macroalgas,43.2749476,-2.1198999,18,38
254,macroalgae,M-LB39,Butroe Zona 03. Litoral Macroalgas. Height: 9,43.4334643,-2.899559,6,38
24,fish,ALM,Lea (Arrastre zona media estuario),43.356949,-2.5041279,21,38
246,macroalgae,M-LB310,Butroe Zona 03. Litoral Macroalgas. Height: 10,43.4334643,-2.899559,3,37
134,macroalgae,M-EBI19,Bidasoa Zona 19. Estuario Macroalgas,43.3451851,-1.7764858,18,37
41,fish,OIAE,Oiartzun (Arrastre zona exterior estuario),43.3306812,-1.9245243,18,37
29,fish,ANI,Ibaizabal (Arrastre zona interior estuario),43.2888561,-2.9706504,18,37
488,macroalgae,M-LOK57,Oka Zona 05. Litoral Macroalgas. Height: 7,43.4105988,-2.6980863,15,37
465,macroalgae,M-LOK25,Oka Zona 02. Litoral Macroalgas. Height: 5,43.4037813,-2.6976385,3,36
202,macroalgae,M-EU4,Urola Zona 04. Estuario Macroalgas,43.2917881,-2.2448757,18,36
50,fish,UROI,Urola (Arrastre zona interior estuario),43.2808249,-2.255167,18,36
131,macroalgae,M-EBI16,Bidasoa Zona 16. Estuario Macroalgas,43.3569692,-1.7829868,18,36
432,macroalgae,M-LO54,Orio Zona 05. Litoral Macroalgas. Height: 4,43.307584,-2.074777,3,36
161,macroalgae,M-EM2,Barbadún Zona 02. Estuario Macroalgas,43.3453441,-3.1215293,18,36
423,macroalgae,M-LO42,Orio Zona 04. Litoral Macroalgas. Height: 2,43.2898449,-2.1274386,6,36
192,macroalgae,M-EOK3,Oka Zona 03.Estuario Macroalgas,43.3876389,-2.6885329,21,36
200,macroalgae,M-EU2,Urola Zona 02. Estuario Macroalgas,43.2984096,-2.2508347,18,36
424,macroalgae,M-LO43,Orio Zona 04. Litoral Macroalgas. Height: 3,43.2898449,-2.1274386,6,35
350,macroalgae,M-LM35,Barbadún Zona 03. Litoral Macroalgas. Height: 5,43.351681,-3.146574,3,35
158,macroalgae,M-EL5,Lea Zona 05.Estuario Macroalgas,43.3563928,-2.504589,21,35
369,macroalgae,M-LN33,Ibaizabal Zona 03. Litoral Macroalgas. Height: 3,43.3574004,-3.1135198,3,35
155,macroalgae,M-EL2,Lea Zona 02.Estuario Macroalgas,43.359148,-2.4983591,21,35
143,macroalgae,M-EBI7,Bidasoa Zona 07. Estuario Macroalgas,43.3419997,-1.7691352,18,35
181,macroalgae,M-EO7,Orio Zona 07. Estuario Macroalgas,43.2727434,-2.1027654,18,35
410,macroalgae,M-LO311,Orio Zona 03. Litoral Macroalgas. Height: 11,43.2941006,-2.1484825,9,34
14,fish,AAI,Artibai (Arrastre zona interior estuario),43.3203437,-2.4284549,21,34
54,fish,URUM,Urumea (Arrastre zona media estuario),43.3086157,-1.9740256,18,34
320,macroalgae,M-LM11,Barbadún Zona 01. Litoral Macroalgas. Height: 1,43.3490175,-3.1219192,12,34
463,macroalgae,M-LOK23,Oka Zona 02. Litoral Macroalgas. Height: 3,43.4037813,-2.6976385,3,34
122,macroalgae,M-EB8,Butroe Zona 08.Estuario Macroalgas,43.3906636,-2.93293,21,34
356,macroalgae,M-LN12,Ibaizabal Zona 01. Litoral Macroalgas. Height: 2,43.3603986,-3.0515116,3,33
15,fish,AAM,Artibai (Arrastre zona media estuario),43.3188221,-2.4249051,21,33
357,macroalgae,M-LN13,Ibaizabal Zona 01. Litoral Macroalgas. Height: 3,43.3603986,-3.0515116,3,33
433,macroalgae,M-LO55,Orio Zona 05. Litoral Macroalgas. Height: 5,43.307584,-2.074777,3,33
219,macroalgae,M-LA212,Artibai Zona 02. Litoral Macroalgas. Height: 12,43.3230751,-2.4112981,12,33
157,macroalgae,M-EL4,Lea Zona 04.Estuario Macroalgas,43.3573056,-2.501225,21,33
425,macroalgae,M-LO44,Orio Zona 04. Litoral Macroalgas. Height: 4,43.2898449,-2.1274386,6,33
37,fish,BIDE,Bidasoa (Arrastre zona exterior estuario),43.3725777,-1.7909941,19,33
372,macroalgae,M-LN36,Ibaizabal Zona 03. Litoral Macroalgas. Height: 6,43.3574004,-3.1135198,3,32
409,macroalgae,M-LO310,Orio Zona 03. Litoral Macroalgas. Height: 10,43.2941006,-2.1484825,12,32
351,macroalgae,M-LM36,Barbadún Zona 03. Litoral Macroalgas. Height: 6,43.351681,-3.146574,3,32
426,macroalgae,M-LO45,Orio Zona 04. Litoral Macroalgas. Height: 5,43.2898449,-2.1274386,6,32
331,macroalgae,M-LM210,Barbadún Zona 02. Litoral Macroalgas. Height: 10,43.3526642,-3.1133258,9,32
190,macroalgae,M-EOK10,Oka Zona 10.Estuario Macroalgas,43.3621546,-2.6750261,21,31
194,macroalgae,M-EOK5,Oka Zona 05.Estuario Macroalgas,43.376824,-2.6883661,21,31
179,macroalgae,M-EO5,Orio Zona 05. Estuario Macroalgas,43.2735382,-2.1228038,18,31
306,macroalgae,M-LL16,Lea Zona 01. Litoral Macroalgas. Height: 6,43.3668689,-2.4972341,21,31
327,macroalgae,M-LM17,Barbadún Zona 01. Litoral Macroalgas. Height: 7,43.3490175,-3.1219192,12,31
377,macroalgae,M-LN411,Ibaizabal Zona 04. Litoral Macroalgas. Height: 11,43.3803451,-3.0158881,9,31
373,macroalgae,M-LN37,Ibaizabal Zona 03. Litoral Macroalgas. Height: 7,43.3574004,-3.1135198,3,30
156,macroalgae,M-EL3,Lea Zona 03.Estuario Macroalgas,43.3576794,-2.5022955,21,30
261,macroalgae,M-LBI17,Bidasoa Zona 01. Litoral Macroalgas. Height: 7,43.3931766,-1.79582,15,30
104,macroalgae,M-EA1,Artibai Zona 01.Estuario Macroalgas,43.3200421,-2.422205,21,30
308,macroalgae,M-LL22,Lea Zona 02. Litoral Macroalgas. Height: 2,43.3648465,-2.4960042,12,30
355,macroalgae,M-LN11,Ibaizabal Zona 01. Litoral Macroalgas. Height: 1,43.3603986,-3.0515116,3,29
427,macroalgae,M-LO46,Orio Zona 04. Litoral Macroalgas. Height: 6,43.2898449,-2.1274386,6,29
457,macroalgae,M-LOK14,Oka Zona 01. Litoral Macroalgas. Height: 4,43.4090005,-2.6963528,3,29
44,fish,OIAM,Oiartzun (Arrastre zona media estuario),43.3234543,-1.9201378,18,29
455,macroalgae,M-LOK12,Oka Zona 01. Litoral Macroalgas. Height: 2,43.4090005,-2.6963528,3,28
176,macroalgae,M-EO2,Orio Zona 02. Estuario Macroalgas,43.2765099,-2.1322753,18,28
136,macroalgae,M-EBI20,Bidasoa Zona 20. Estuario Macroalgas,43.3426346,-1.7678886,18,28
371,macroalgae,M-LN35,Ibaizabal Zona 03. Litoral Macroalgas. Height: 5,43.3574004,-3.1135198,3,28
396,macroalgae,M-LO13,Orio Zona 01. Litoral Macroalgas. Height: 3,43.2931759,-2.1320877,3,27
173,macroalgae,M-EO1,Orio Zona 01. Estuario Macroalgas,43.2883975,-2.1312928,18,27
183,macroalgae,M-EO9,Orio Zona 09. Estuario Macroalgas,43.2702269,-2.0976514,18,27
118,macroalgae,M-EB4,Butroe Zona 04.Estuario Macroalgas,43.4015021,-2.9443413,21,27
119,macroalgae,M-EB5,Butroe Zona 05.Estuario Macroalgas,43.3982609,-2.9450234,21,27
361,macroalgae,M-LN21b,Ibaizabal Zona 02. Litoral Macroalgas. Height: 1b,43.3719749,-3.0374499,3,27
180,macroalgae,M-EO6,Orio Zona 06. Estuario Macroalgas,43.2758713,-2.1124183,18,27
117,macroalgae,M-EB3,Butroe Zona 03.Estuario Macroalgas,43.4028185,-2.9480573,21,27
148,macroalgae,M-ED3,Deba Zona 03. Estuario Macroalgas,43.2920333,-2.3572101,18,26
52,fish,URUE,Urumea (Arrastre zona exterior estuario),43.3221042,-1.9790279,18,26
164,macroalgae,M-EN1,Ibaizabal Zona 01. Estuario Macroalgas,43.3310346,-3.0253733,18,26
116,macroalgae,M-EB2,Butroe Zona 02.Estuario Macroalgas,43.4028562,-2.9517622,21,26
20,fish,ADI,Deba (Arrastre zona interior estuario),43.2913281,-2.361532,18,26
111,macroalgae,M-EB1,Butroe Zona 01.Estuario Macroalgas,43.4068353,-2.9498447,21,26
106,macroalgae,M-EA3,Artibai Zona 03.Estuario Macroalgas,43.3202673,-2.4311935,21,26
154,macroalgae,M-EL1,Lea Zona 01.Estuario Macroalgas,43.3626976,-2.4987865,21,26
107,macroalgae,M-EA4,Artibai Zona 04.Estuario Macroalgas,43.3188291,-2.4353507,21,26
342,macroalgae,M-LM310,Barbadún Zona 03. Litoral Macroalgas. Height: 10,43.351681,-3.146574,3,25
454,macroalgae,M-LOK11,Oka Zona 01. Litoral Macroalgas. Height: 1,43.4090005,-2.6963528,3,25
28,fish,ANE,Ibaizabal (Arrastre zona exterior estuario),43.3243095,-3.0182416,18,25
456,macroalgae,M-LOK13,Oka Zona 01. Litoral Macroalgas. Height: 3,43.4090005,-2.6963528,3,25
186,macroalgae,M-EOI3,Oiartzun Zona 03. Estuario Macroalgas,43.3211497,-1.9154427,18,25
204,macroalgae,M-EU6,Urola Zona 06. Estuario Macroalgas,43.2806892,-2.2550701,18,25
30,fish,ANM,Ibaizabal (Arrastre zona media estuario),43.3129107,-2.9904061,18,25
404,macroalgae,M-LO25,Orio Zona 02. Litoral Macroalgas. Height: 5,43.2917453,-2.1251432,3,25
112,macroalgae,M-EB10,Butroe Zona 10.Estuario Macroalgas,43.398102,-2.9199063,21,25
353,macroalgae,M-LM38,Barbadún Zona 03. Litoral Macroalgas. Height: 8,43.351681,-3.146574,3,24
147,macroalgae,M-ED2,Deba Zona 02. Estuario Macroalgas,43.2947377,-2.3561461,18,24
40,fish,BIDM,Bidasoa (Arrastre zona media estuario),43.3558484,-1.7876737,19,24
42,fish,OIAI1,Oiartzun (Arrastre zona interior 1 estuario Lezo),43.3229141,-1.907814,18,24
175,macroalgae,M-EO11,Orio Zona 11. Estuario Macroalgas,43.2758858,-2.0958794,18,24
210,macroalgae,M-EUR6,Urumea Zona 06. Estuario Macroalgas,43.3130457,-1.9649986,18,24
374,macroalgae,M-LN38,Ibaizabal Zona 03. Litoral Macroalgas. Height: 8,43.3574004,-3.1135198,3,23
207,macroalgae,M-EUR3,Urumea Zona 03. Estuario Macroalgas,43.3144294,-1.9786878,18,23
146,macroalgae,M-ED1,Deba Zona 01. Estuario Macroalgas,43.2971977,-2.3564653,18,23
205,macroalgae,M-EUR1,Urumea Zona 01. Estuario Macroalgas,43.3222495,-1.9791612,18,23
177,macroalgae,M-EO3,Orio Zona 03. Estuario Macroalgas,43.2731257,-2.1324713,18,23
328,macroalgae,M-LM18,Barbadún Zona 01. Litoral Macroalgas. Height: 8,43.3490175,-3.1219192,9,23
105,macroalgae,M-EA2,Artibai Zona 02.Estuario Macroalgas,43.3201352,-2.4281855,21,23
291,macroalgae,M-LD213,Deba Zona 02. Litoral Macroalgas. Height: 13,43.3024359,-2.3449192,18,23
363,macroalgae,M-LN22b,Ibaizabal Zona 02. Litoral Macroalgas. Height: 2b,43.3719749,-3.0374499,3,22
378,macroalgae,M-LN412,Ibaizabal Zona 04. Litoral Macroalgas. Height: 12,43.3803451,-3.0158881,9,22
209,macroalgae,M-EUR5,Urumea Zona 05. Estuario Macroalgas,43.3124363,-1.974319,18,22
518,macroalgae,M-LU28,Urola Zona 02. Litoral Macroalgas. Height: 8,43.3084801,-2.239071,18,22
206,macroalgae,M-EUR2,Urumea Zona 02. Estuario Macroalgas,43.3192152,-1.978176,18,22
121,macroalgae,M-EB7,Butroe Zona 07.Estuario Macroalgas,43.3948107,-2.9421495,21,22
127,macroalgae,M-EBI12,Bidasoa Zona 12. Estuario Macroalgas,43.342779,-1.7654182,18,22
286,macroalgae,M-LD17,Deba Zona 01. Litoral Macroalgas. Height: 7,43.3028695,-2.3562699,6,22
43,fish,OIAI2,Oiartzun (Arrastre zona interior 2 estuario Herrera),43.3223947,-1.9290735,18,22
159,macroalgae,M-EL6,Lea Zona 06.Estuario Macroalgas,43.3537868,-2.5016733,21,22
469,macroalgae,M-LOK31,Oka Zona 03. Litoral Macroalgas. Height: 1,43.3945841,-2.6929056,3,21
174,macroalgae,M-EO10,Orio Zona 10. Estuario Macroalgas,43.2696264,-2.093446,18,21
448,macroalgae,M-LOI26,Oiartzun Zona 02. Litoral Macroalgas. Height: 6,43.3357606,-1.927494,12,21
354,macroalgae,M-LM39,Barbadún Zona 03. Litoral Macroalgas. Height: 9,43.351681,-3.146574,3,21
395,macroalgae,M-LO12,Orio Zona 01. Litoral Macroalgas. Height: 2,43.2931759,-2.1320877,3,21
510,macroalgae,M-LU1c6,Urola Zona 01c. Litoral Macroalgas. Height: 6,43.303563,-2.2595623,18,21
352,macroalgae,M-LM37,Barbadún Zona 03. Litoral Macroalgas. Height: 7,43.351681,-3.146574,3,21
233,macroalgae,M-LB15,Butroe Zona 01. Litoral Macroalgas. Height: 5,43.4180365,-2.9490202,12,21
538,macroalgae,M-LUR32,Urumea Zona 03. Litoral Macroalgas. Height: 2,43.3295506,-1.9719588,0,21
109,macroalgae,M-EA6,Artibai Zona 06.Estuario Macroalgas,43.3207261,-2.4365788,21,21
400,macroalgae,M-LO21,Orio Zona 02. Litoral Macroalgas. Height: 1,43.2917453,-2.1251432,3,21
397,macroalgae,M-LO14,Orio Zona 01. Litoral Macroalgas. Height: 4,43.2931759,-2.1320877,3,20
201,macroalgae,M-EU3,Urola Zona 03. Estuario Macroalgas,43.2948007,-2.2580414,18,20
403,macroalgae,M-LO24,Orio Zona 02. Litoral Macroalgas. Height: 4,43.2917453,-2.1251432,3,20
504,macroalgae,M-LU1b6,Urola Zona 01b. Litoral Macroalgas. Height: 6,43.303637,-2.2598697,3,20
411,macroalgae,M-LO312,Orio Zona 03. Litoral Macroalgas. Height: 12,43.2941006,-2.1484825,9,20
188,macroalgae,M-EOI5,Oiartzun Zona 05. Estuario Macroalgas,43.3167562,-1.9032381,18,19
539,macroalgae,M-LUR33,Urumea Zona 03. Litoral Macroalgas. Height: 3,43.3295506,-1.9719588,0,19
199,macroalgae,M-EU1,Urola Zona 01. Estuario Macroalgas,43.2992644,-2.2534872,18,19
526,macroalgae,M-LUR17,Urumea Zona 01. Litoral Macroalgas. Height: 7,43.3208656,-2.0154308,15,19
110,macroalgae,M-EA7,Artibai Zona 07.Estuario Macroalgas,43.3214449,-2.4399267,21,19
536,macroalgae,M-LUR29,Urumea Zona 02. Litoral Macroalgas. Height: 9,43.3295506,-1.9719588,18,19
406,macroalgae,M-LO27,Orio Zona 02. Litoral Macroalgas. Height: 7,43.2917453,-2.1251432,3,19
151,macroalgae,M-ED5b,Deba Zona 05b. Estuario Macroalgas,43.289972,-2.3589576,15,19
150,macroalgae,M-ED5,Deba Zona 05. Estuario Macroalgas,43.2889966,-2.3584255,18,18
470,macroalgae,M-LOK32,Oka Zona 03. Litoral Macroalgas. Height: 2,43.3945841,-2.6929056,3,18
108,macroalgae,M-EA5,Artibai Zona 05.Estuario Macroalgas,43.3196209,-2.43522,21,18
38,fish,BIDI,Bidasoa (Arrastre zona interior estuario_a),43.3482547,-1.7814582,19,18
309,macroalgae,M-LL23,Lea Zona 02. Litoral Macroalgas. Height: 3,43.3648465,-2.4960042,12,18
477,macroalgae,M-LOK43,Oka Zona 04. Litoral Macroalgas. Height: 3,43.4023519,-2.6851602,3,18
120,macroalgae,M-EB6,Butroe Zona 06.Estuario Macroalgas,43.3967373,-2.9414685,21,17
123,macroalgae,M-EB9,Butroe Zona 09.Estuario Macroalgas,43.3959885,-2.9237124,21,17
434,macroalgae,M-LO56,Orio Zona 05. Litoral Macroalgas. Height: 6,43.307584,-2.074777,0,17
270,macroalgae,M-LBI217,Bidasoa Zona 02. Litoral Macroalgas. Height: 17,43.391142,-1.7907362,18,17
365,macroalgae,M-LN24,Ibaizabal Zona 02. Litoral Macroalgas. Height: 4,43.3719749,-3.0374499,3,17
496,macroalgae,M-LOK67,Oka Zona 06. Litoral Macroalgas. Height: 7,43.4120248,-2.6762294,6,17
149,macroalgae,M-ED4,Deba Zona 04. Estuario Macroalgas,43.2902805,-2.3577586,18,17
343,macroalgae,M-LM311,Barbadún Zona 03. Litoral Macroalgas. Height: 11,43.351681,-3.146574,3,17
211,macroalgae,M-EUR7,Urumea Zona 07. Estuario Macroalgas,43.3100191,-1.9648773,18,17
152,macroalgae,M-ED6,Deba Zona 06. Estuario Macroalgas,43.2913279,-2.361495,18,17
358,macroalgae,M-LN14,Ibaizabal Zona 01. Litoral Macroalgas. Height: 4,43.3603986,-3.0515116,3,17
166,macroalgae,M-EN3,Ibaizabal Zona 03. Estuario Macroalgas,43.3163148,-2.9964483,18,16
311,macroalgae,M-LL25,Lea Zona 02. Litoral Macroalgas. Height: 5,43.3648465,-2.4960042,12,16
537,macroalgae,M-LUR31,Urumea Zona 03. Litoral Macroalgas. Height: 1,43.3295506,-1.9719588,0,16
153,macroalgae,M-ED7,Deba Zona 07. Estuario Macroalgas,43.2924493,-2.3672155,18,16
165,macroalgae,M-EN2,Ibaizabal Zona 02. Estuario Macroalgas,43.3187277,-3.0092988,18,16
162,macroalgae,M-EM3,Barbadún Zona 03. Estuario Macroalgas,43.3417916,-3.1173646,18,16
187,macroalgae,M-EOI4,Oiartzun Zona 04. Estuario Macroalgas,43.3182635,-1.9158887,18,16
113,macroalgae,M-EB11,Butroe Zona 11.Estuario Macroalgas,43.3912487,-2.9186806,21,16
402,macroalgae,M-LO23,Orio Zona 02. Litoral Macroalgas. Height: 3,43.2917453,-2.1251432,3,16
479,macroalgae,M-LOK45,Oka Zona 04. Litoral Macroalgas. Height: 5,43.4023519,-2.6851602,3,15
185,macroalgae,M-EOI2,Oiartzun Zona 02. Estuario Macroalgas,43.3223631,-1.9295427,18,15
541,macroalgae,M-LUR35,Urumea Zona 03. Litoral Macroalgas. Height: 5,43.3295506,-1.9719588,0,15
398,macroalgae,M-LO15,Orio Zona 01. Litoral Macroalgas. Height: 5,43.2931759,-2.1320877,3,15
234,macroalgae,M-LB16,Butroe Zona 01. Litoral Macroalgas. Height: 6,43.4180365,-2.9490202,12,15
527,macroalgae,M-LUR18,Urumea Zona 01. Litoral Macroalgas. Height: 8,43.3208656,-2.0154308,12,14
394,macroalgae,M-LO11,Orio Zona 01. Litoral Macroalgas. Height: 1,43.2931759,-2.1320877,3,14
428,macroalgae,M-LO47,Orio Zona 04. Litoral Macroalgas. Height: 7,43.2898449,-2.1274386,6,14
540,macroalgae,M-LUR34,Urumea Zona 03. Litoral Macroalgas. Height: 4,43.3295506,-1.9719588,0,13
115,macroalgae,M-EB13,Butroe Zona 13.Estuario Macroalgas,43.3812564,-2.9225951,21,13
244,macroalgae,M-LB29,Butroe Zona 02. Litoral Macroalgas. Height: 9,43.4181537,-2.9494895,6,13
462,macroalgae,M-LOK22,Oka Zona 02. Litoral Macroalgas. Height: 2,43.4037813,-2.6976385,0,13
39,fish,BIDIb,Bidasoa (Arrastre zona interior estuario_b),43.3422605,-1.7707831,13,12
407,macroalgae,M-LO28,Orio Zona 02. Litoral Macroalgas. Height: 8,43.2917453,-2.1251432,3,12
467,macroalgae,M-LOK27,Oka Zona 02. Litoral Macroalgas. Height: 7,43.4037813,-2.6976385,3,12
466,macroalgae,M-LOK26,Oka Zona 02. Litoral Macroalgas. Height: 6,43.4037813,-2.6976385,3,12
310,macroalgae,M-LL24,Lea Zona 02. Litoral Macroalgas. Height: 4,43.3648465,-2.4960042,12,12
542,macroalgae,M-LUR36,Urumea Zona 03. Litoral Macroalgas. Height: 6,43.3295506,-1.9719588,0,12
478,macroalgae,M-LOK44,Oka Zona 04. Litoral Macroalgas. Height: 4,43.4023519,-2.6851602,3,12
458,macroalgae,M-LOK15,Oka Zona 01. Litoral Macroalgas. Height: 5,43.4090005,-2.6963528,3,11
476,macroalgae,M-LOK42,Oka Zona 04. Litoral Macroalgas. Height: 2,43.4023519,-2.6851602,3,11
344,macroalgae,M-LM312,Barbadún Zona 03. Litoral Macroalgas. Height: 12,43.351681,-3.146574,0,11
471,macroalgae,M-LOK33,Oka Zona 03. Litoral Macroalgas. Height: 3,43.3945841,-2.6929056,3,11
364,macroalgae,M-LN23,Ibaizabal Zona 02. Litoral Macroalgas. Height: 3,43.3719749,-3.0374499,3,11
220,macroalgae,M-LA213,Artibai Zona 02. Litoral Macroalgas. Height: 13,43.3230751,-2.4112981,6,10
332,macroalgae,M-LM211,Barbadún Zona 02. Litoral Macroalgas. Height: 11,43.3526642,-3.1133258,3,10
449,macroalgae,M-LOI27,Oiartzun Zona 02. Litoral Macroalgas. Height: 7,43.3357606,-1.927494,12,10
114,macroalgae,M-EB12,Butroe Zona 12.Estuario Macroalgas,43.3840122,-2.9232212,21,9
405,macroalgae,M-LO26,Orio Zona 02. Litoral Macroalgas. Height: 6,43.2917453,-2.1251432,3,9
329,macroalgae,M-LM19,Barbadún Zona 01. Litoral Macroalgas. Height: 9,43.3490175,-3.1219192,6,9
208,macroalgae,M-EUR4,Urumea Zona 04. Estuario Macroalgas,43.3084945,-1.9775788,18,9
345,macroalgae,M-LM313,Barbadún Zona 03. Litoral Macroalgas. Height: 13,43.351681,-3.146574,0,9
459,macroalgae,M-LOK16,Oka Zona 01. Litoral Macroalgas. Height: 6,43.4090005,-2.6963528,3,9
163,macroalgae,M-EM4,Barbadún Zona 04. Estuario Macroalgas,43.3380328,-3.1122624,18,9
480,macroalgae,M-LOK46,Oka Zona 04. Litoral Macroalgas. Height: 6,43.4023519,-2.6851602,3,9
468,macroalgae,M-LOK28,Oka Zona 02. Litoral Macroalgas. Height: 8,43.4037813,-2.6976385,3,8
422,macroalgae,M-LO41,Orio Zona 04. Litoral Macroalgas. Height: 1,43.2898449,-2.1274386,6,8
472,macroalgae,M-LOK34,Oka Zona 03. Litoral Macroalgas. Height: 4,43.3945841,-2.6929056,3,7
412,macroalgae,M-LO313,Orio Zona 03. Litoral Macroalgas. Height: 13,43.2941006,-2.1484825,0,7
160,macroalgae,M-EM1,Barbadún Zona 01. Estuario Macroalgas,43.3456214,-3.1231832,15,7
167,macroalgae,M-EN4,Ibaizabal Zona 04. Estuario Macroalgas,43.3106405,-2.9815528,18,7
169,macroalgae,M-EN6,Ibaizabal Zona 06. Estuario Macroalgas,43.3004738,-2.9786956,18,7
543,macroalgae,M-LUR37,Urumea Zona 03. Litoral Macroalgas. Height: 7,43.3295506,-1.9719588,0,7
172,macroalgae,M-EN9,Ibaizabal Zona 09. Estuario Macroalgas,43.2652775,-2.956775,18,7
170,macroalgae,M-EN7,Ibaizabal Zona 07. Estuario Macroalgas,43.293826,-2.9685277,18,7
171,macroalgae,M-EN8,Ibaizabal Zona 08. Estuario Macroalgas,43.2835976,-2.9714787,18,7
461,macroalgae,M-LOK21,Oka Zona 02. Litoral Macroalgas. Height: 1,43.4037813,-2.6976385,0,7
475,macroalgae,M-LOK41,Oka Zona 04. Litoral Macroalgas. Height: 1,43.4023519,-2.6851602,3,7
629,sediments,E-u5,,,,0,7
460,macroalgae,M-LOK17,Oka Zona 01. Litoral Macroalgas. Height: 7,43.4090005,-2.6963528,3,6
401,macroalgae,M-LO22,Orio Zona 02. Litoral Macroalgas. Height: 2,43.2917453,-2.1251432,3,6
473,macroalgae,M-LOK35,Oka Zona 03. Litoral Macroalgas. Height: 5,43.3945841,-2.6929056,3,6
366,macroalgae,M-LN25,Ibaizabal Zona 02. Litoral Macroalgas. Height: 5,43.3719749,-3.0374499,3,6
519,macroalgae,M-LU29,Urola Zona 02. Litoral Macroalgas. Height: 9,43.3084801,-2.239071,3,6
292,macroalgae,M-LD214,Deba Zona 02. Litoral Macroalgas. Height: 14,43.3024359,-2.3449192,6,6
168,macroalgae,M-EN5,Ibaizabal Zona 05. Estuario Macroalgas,43.304644,-2.9857468,18,6
346,macroalgae,M-LM314,Barbadún Zona 03. Litoral Macroalgas. Height: 14,43.351681,-3.146574,0,5
271,macroalgae,M-LBI218,Bidasoa Zona 02. Litoral Macroalgas. Height: 18,43.391142,-1.7907362,9,4
399,macroalgae,M-LO16,Orio Zona 01. Litoral Macroalgas. Height: 6,43.2931759,-2.1320877,3,4
359,macroalgae,M-LN15,Ibaizabal Zona 01. Litoral Macroalgas. Height: 5,43.3603986,-3.0515116,3,4
489,macroalgae,M-LOK58,Oka Zona 05. Litoral Macroalgas. Height: 8,43.4105988,-2.6980863,0,3
236,macroalgae,M-LB210,Butroe Zona 02. Litoral Macroalgas. Height: 10,43.4181537,-2.9494895,6,3
481,macroalgae,M-LOK47,Oka Zona 04. Litoral Macroalgas. Height: 7,43.4023519,-2.6851602,3,3
321,macroalgae,M-LM110,Barbadún Zona 01. Litoral Macroalgas. Height: 10,43.3490175,-3.1219192,0,2
474,macroalgae,M-LOK36,Oka Zona 03. Litoral Macroalgas. Height: 6,43.3945841,-2.6929056,3,2
413,macroalgae,M-LO314,Orio Zona 03. Litoral Macroalgas. Height: 14,43.2941006,-2.1484825,0,2
